
use rollout;


insert INTO rollout_step_type (id,description,job_check,job_run) values(0,"step 0","job_check_0","job_run_0");
insert INTO rollout_step_type (id,description,job_check,job_run) values(1,"step 1","job_check_1","job_run_1");
insert INTO rollout_step_type (id,description,job_check,job_run) values(2,"step 2","job_check_2","job_run_2");
insert INTO rollout_step_type (id,description,job_check,job_run) values(3,"step 3","job_check_3","job_run_3");
insert INTO rollout_step_type (id,description,job_check,job_run) values(4,"step 4","job_check_4","job_run_4");
insert INTO rollout_step_type (id,description,job_check,job_run) values(5,"step 5","job_check_5","job_run_5");
insert INTO rollout_step_type (id,description,job_check,job_run) values(6,"step 6","job_check_6","job_run_6");
insert INTO rollout_step_type (id,description,job_check,job_run) values(7,"step 7","job_check_7","job_run_7");
insert INTO rollout_step_type (id,description,job_check,job_run) values(8,"step 8","job_check_8","job_run_8");
insert INTO rollout_step_type (id,description,job_check,job_run) values(9,"step 9","job_check_9","job_run_9");
insert INTO rollout_step_type (id,description,job_check,job_run) values(10,"step 10","job_check_10","job_run_10");


insert INTO rollout_store (id,rollout,name,sap_code) values(10,110,"workflow A","000");
insert INTO rollout_store (id,rollout,name,sap_code) values(11,110,"workflow B","001");
insert INTO rollout_store (id,rollout,name,sap_code) values(12,110,"workflow C","002");
insert INTO rollout_store (id,rollout,name,sap_code) values(13,110,"workflow D","003");
insert INTO rollout_store (id,rollout,name,sap_code) values(14,110,"workflow E","004");
insert INTO rollout_store (id,rollout,name,sap_code) values(15,110,"workflow F","005");
insert INTO rollout_store (id,rollout,name,sap_code) values(16,110,"workflow G","006");
insert INTO rollout_store (id,rollout,name,sap_code) values(17,110,"workflow H","007");
insert INTO rollout_store (id,rollout,name,sap_code) values(18,110,"workflow I","008");
insert INTO rollout_store (id,rollout,name,sap_code) values(19,110,"workflow J","009");
insert INTO rollout_store (id,rollout,name,sap_code) values(20,110,"workflow K","010");
insert INTO rollout_store (id,rollout,name,sap_code) values(21,110,"workflow L","011");
insert INTO rollout_store (id,rollout,name,sap_code) values(22,110,"workflow M","012");
insert INTO rollout_store (id,rollout,name,sap_code) values(23,110,"workflow N","013");
insert INTO rollout_store (id,rollout,name,sap_code) values(24,110,"workflow O","014");
insert INTO rollout_store (id,rollout,name,sap_code) values(25,110,"workflow P","015");
insert INTO rollout_store (id,rollout,name,sap_code) values(26,110,"workflow Q","016");
insert INTO rollout_store (id,rollout,name,sap_code) values(27,110,"workflow R","017");
insert INTO rollout_store (id,rollout,name,sap_code) values(28,110,"workflow S","018");
insert INTO rollout_store (id,rollout,name,sap_code) values(29,110,"workflow T","019");
insert INTO rollout_store (id,rollout,name,sap_code) values(30,110,"workflow U","020");
insert INTO rollout_store (id,rollout,name,sap_code) values(31,110,"workflow V","021");
insert INTO rollout_store (id,rollout,name,sap_code) values(32,110,"workflow W","022");
insert INTO rollout_store (id,rollout,name,sap_code) values(33,110,"workflow X","023");

insert INTO rollout_store (id,rollout,name,sap_code) values(10,111,"workflow A","000");
insert INTO rollout_store (id,rollout,name,sap_code) values(11,111,"workflow B","001");
insert INTO rollout_store (id,rollout,name,sap_code) values(12,111,"workflow C","002");
insert INTO rollout_store (id,rollout,name,sap_code) values(13,111,"workflow D","003");
insert INTO rollout_store (id,rollout,name,sap_code) values(14,111,"workflow E","004");
insert INTO rollout_store (id,rollout,name,sap_code) values(15,111,"workflow F","005");
insert INTO rollout_store (id,rollout,name,sap_code) values(16,111,"workflow G","006");
insert INTO rollout_store (id,rollout,name,sap_code) values(17,111,"workflow H","007");
insert INTO rollout_store (id,rollout,name,sap_code) values(18,111,"workflow I","008");
insert INTO rollout_store (id,rollout,name,sap_code) values(19,111,"workflow J","009");
insert INTO rollout_store (id,rollout,name,sap_code) values(20,111,"workflow K","010");
insert INTO rollout_store (id,rollout,name,sap_code) values(21,111,"workflow L","011");
insert INTO rollout_store (id,rollout,name,sap_code) values(22,111,"workflow M","012");
insert INTO rollout_store (id,rollout,name,sap_code) values(23,111,"workflow N","013");
insert INTO rollout_store (id,rollout,name,sap_code) values(24,111,"workflow O","014");
insert INTO rollout_store (id,rollout,name,sap_code) values(25,111,"workflow P","015");
insert INTO rollout_store (id,rollout,name,sap_code) values(26,111,"workflow Q","016");
insert INTO rollout_store (id,rollout,name,sap_code) values(27,111,"workflow R","017");
insert INTO rollout_store (id,rollout,name,sap_code) values(28,111,"workflow S","018");
insert INTO rollout_store (id,rollout,name,sap_code) values(29,111,"workflow T","019");
insert INTO rollout_store (id,rollout,name,sap_code) values(30,111,"workflow U","020");
insert INTO rollout_store (id,rollout,name,sap_code) values(31,111,"workflow V","021");
insert INTO rollout_store (id,rollout,name,sap_code) values(32,111,"workflow W","022");
insert INTO rollout_store (id,rollout,name,sap_code) values(33,111,"workflow X","023");

insert INTO rollout_store (id,rollout,name,sap_code) values(22,112,"workflow M","012");
insert INTO rollout_store (id,rollout,name,sap_code) values(23,112,"workflow N","013");
insert INTO rollout_store (id,rollout,name,sap_code) values(24,112,"workflow O","014");
insert INTO rollout_store (id,rollout,name,sap_code) values(25,112,"workflow P","015");
insert INTO rollout_store (id,rollout,name,sap_code) values(26,112,"workflow Q","016");
insert INTO rollout_store (id,rollout,name,sap_code) values(27,112,"workflow R","017");
insert INTO rollout_store (id,rollout,name,sap_code) values(28,112,"workflow S","018");
insert INTO rollout_store (id,rollout,name,sap_code) values(29,112,"workflow T","019");
insert INTO rollout_store (id,rollout,name,sap_code) values(30,112,"workflow U","020");
insert INTO rollout_store (id,rollout,name,sap_code) values(31,112,"workflow V","021");
insert INTO rollout_store (id,rollout,name,sap_code) values(32,112,"workflow W","022");
insert INTO rollout_store (id,rollout,name,sap_code) values(33,112,"workflow X","023");

insert INTO rollout_store (id,rollout,name,sap_code) values(10,113,"workflow A","000");
insert INTO rollout_store (id,rollout,name,sap_code) values(11,113,"workflow B","001");
insert INTO rollout_store (id,rollout,name,sap_code) values(12,113,"workflow C","002");
insert INTO rollout_store (id,rollout,name,sap_code) values(13,113,"workflow D","003");
insert INTO rollout_store (id,rollout,name,sap_code) values(14,113,"workflow E","004");
insert INTO rollout_store (id,rollout,name,sap_code) values(15,113,"workflow F","005");
insert INTO rollout_store (id,rollout,name,sap_code) values(16,113,"workflow G","006");
insert INTO rollout_store (id,rollout,name,sap_code) values(17,113,"workflow H","007");
insert INTO rollout_store (id,rollout,name,sap_code) values(18,113,"workflow I","008");
insert INTO rollout_store (id,rollout,name,sap_code) values(19,113,"workflow J","009");
insert INTO rollout_store (id,rollout,name,sap_code) values(20,113,"workflow K","010");
insert INTO rollout_store (id,rollout,name,sap_code) values(21,113,"workflow L","011");



insert INTO rollout_store (id,rollout,name,sap_code) values(12,114,"workflow C","002");
insert INTO rollout_store (id,rollout,name,sap_code) values(13,114,"workflow D","003");
insert INTO rollout_store (id,rollout,name,sap_code) values(14,114,"workflow E","004");
insert INTO rollout_store (id,rollout,name,sap_code) values(15,114,"workflow F","005");
insert INTO rollout_store (id,rollout,name,sap_code) values(16,114,"workflow G","006");
insert INTO rollout_store (id,rollout,name,sap_code) values(17,114,"workflow H","007");
insert INTO rollout_store (id,rollout,name,sap_code) values(18,114,"workflow I","008");


insert INTO rollout_store (id,rollout,name,sap_code) values(26,115,"workflow Q","016");
insert INTO rollout_store (id,rollout,name,sap_code) values(27,115,"workflow R","017");
insert INTO rollout_store (id,rollout,name,sap_code) values(28,115,"workflow S","018");
insert INTO rollout_store (id,rollout,name,sap_code) values(29,115,"workflow T","019");
insert INTO rollout_store (id,rollout,name,sap_code) values(30,115,"workflow U","020");



insert into rollout_step (id,step_type,rollout,sequence) values(1100,0,110,0);
insert into rollout_step (id,step_type,rollout,sequence) values(2100,1,110,1);


insert into rollout_step (id,step_type,rollout,sequence) values(1101,0,111,10);
insert into rollout_step (id,step_type,rollout,sequence) values(2101,1,111,9);
insert into rollout_step (id,step_type,rollout,sequence) values(3101,2,111,8);
insert into rollout_step (id,step_type,rollout,sequence) values(4101,3,111,7);
insert into rollout_step (id,step_type,rollout,sequence) values(5101,4,111,6);
insert into rollout_step (id,step_type,rollout,sequence) values(6101,5,111,5);
insert into rollout_step (id,step_type,rollout,sequence) values(7101,6,111,4);
insert into rollout_step (id,step_type,rollout,sequence) values(8101,7,111,3);
insert into rollout_step (id,step_type,rollout,sequence) values(9101,8,111,2);
insert into rollout_step (id,step_type,rollout,sequence) values(10101,9,111,1);
insert into rollout_step (id,step_type,rollout,sequence) values(11101,10,111,0);


insert into rollout_step (id,step_type,rollout,sequence) values(1103,0,113,0);
insert into rollout_step (id,step_type,rollout,sequence) values(2103,1,113,1);
insert into rollout_step (id,step_type,rollout,sequence) values(3103,2,113,2);
insert into rollout_step (id,step_type,rollout,sequence) values(4103,3,113,3);
insert into rollout_step (id,step_type,rollout,sequence) values(5103,4,113,4);
insert into rollout_step (id,step_type,rollout,sequence) values(6103,5,113,5);

insert into rollout_step (id,step_type,rollout,sequence) values(1104,0,114,0);
insert into rollout_step (id,step_type,rollout,sequence) values(2104,10,114,1);
insert into rollout_step (id,step_type,rollout,sequence) values(3104,1,114,2);
insert into rollout_step (id,step_type,rollout,sequence) values(4104,9,114,3);
insert into rollout_step (id,step_type,rollout,sequence) values(5104,2,114,4);
insert into rollout_step (id,step_type,rollout,sequence) values(6104,8,114,5);
insert into rollout_step (id,step_type,rollout,sequence) values(7104,3,114,6);
insert into rollout_step (id,step_type,rollout,sequence) values(8104,7,114,7);
insert into rollout_step (id,step_type,rollout,sequence) values(9104,4,114,8);
insert into rollout_step (id,step_type,rollout,sequence) values(10104,5,114,9);
insert into rollout_step (id,step_type,rollout,sequence) values(11104,6,114,10);

insert into rollout_step (id,step_type,rollout,sequence) values(1105,6,105,0);

insert INTO rollout (id,name,start) values(110,"New rollout-0",DATE_ADD(NOW(),INTERVAL 1 MINUTE));
insert INTO rollout (id,name,start) values(111,"New rollout-1",DATE_ADD(NOW(),INTERVAL 2 HOUR));
insert INTO rollout (id,name,start) values(112,"New rollout-2",DATE_ADD(NOW(),INTERVAL 3 HOUR));
insert INTO rollout (id,name,start) values(113,"New rollout-3",DATE_ADD(NOW(),INTERVAL 1 HOUR));
insert INTO rollout (id,name,start) values(114,"New rollout-4",DATE_ADD(NOW(),INTERVAL 5 HOUR));
insert INTO rollout (id,name,start) values(115,"New rollout-5",DATE_ADD(NOW(),INTERVAL 6 HOUR));

commit;
